-- Roles (15 records)
INSERT INTO Roles (id, nombre, descripcion) VALUES
(1, 'estudiante', 'Usuarios estudiantes con permisos básicos'),
(2, 'profesor', 'Usuarios profesores con mayores privilegios'),
(3, 'bibliotecario', 'Personal de biblioteca con acceso administrativo'),
(4, 'administrador', 'Administradores del sistema con todos los permisos'),
(5, 'invitado', 'Usuarios invitados con acceso limitado'),
(6, 'investigador', 'Investigadores con acceso a materiales especiales'),
(7, 'personal', 'Personal administrativo de la institución'),
(8, 'egresado', 'Ex-alumnos con acceso limitado'),
(9, 'visitante', 'Visitantes externos temporales'),
(10, 'tesista', 'Estudiantes trabajando en tesis'),
(11, 'becario', 'Estudiantes becarios'),
(12, 'decano', 'Autoridades académicas'),
(13, 'coordinador', 'Coordinadores de carrera'),
(14, 'asistente', 'Asistentes académicos'),
(15, 'auditor', 'Auditores del sistema');

-- Usuarios (150 records)
INSERT INTO Usuarios (id, nombre, email, rol, fecha_registro, telefono) VALUES
(1, 'Juan Pérez', 'juan.perez@email.com', 'estudiante', '2020-01-15', '555-1234'),
(2, 'María González', 'maria.gonzalez@email.com', 'profesor', '2019-05-22', '555-5678'),
(3, 'Carlos López', 'carlos.lopez@email.com', 'bibliotecario', '2018-03-10', '555-9012'),
(4, 'Laura Martínez', 'laura.martinez@email.com', 'administrador', '2017-11-05', '555-3456'),
(5, 'Pedro Sánchez', 'pedro.sanchez@email.com', 'estudiante', '2021-02-18', '555-7890'),
(6, 'Ana Rodríguez', 'ana.rodriguez@email.com', 'profesor', '2020-09-30', '555-2345'),
(7, 'José García', 'jose.garcia@email.com', 'bibliotecario', '2019-07-15', '555-6789'),
(8, 'Sofía Fernández', 'sofia.fernandez@email.com', 'estudiante', '2022-03-22', '555-0123'),
(9, 'Miguel Díaz', 'miguel.diaz@email.com', 'investigador', '2018-12-10', '555-4567'),
(10, 'Elena Ruiz', 'elena.ruiz@email.com', 'personal', '2020-04-05', '555-8901'),
(11, 'David Hernández', 'david.hernandez@email.com', 'estudiante', '2021-11-15', '555-1234'),
(12, 'Isabel Gómez', 'isabel.gomez@email.com', 'profesor', '2019-08-20', '555-5678'),
(13, 'Jorge Álvarez', 'jorge.alvarez@email.com', 'bibliotecario', '2018-06-12', '555-9012'),
(14, 'Carmen Jiménez', 'carmen.jimenez@email.com', 'estudiante', '2022-01-25', '555-3456'),
(15, 'Francisco Moreno', 'francisco.moreno@email.com', 'egresado', '2017-09-18', '555-7890'),
(16, 'Teresa Blanco', 'teresa.blanco@email.com', 'profesor', '2020-10-30', '555-2345'),
(17, 'Manuel Gutiérrez', 'manuel.gutierrez@email.com', 'tesista', '2021-05-15', '555-6789'),
(18, 'Lucía Romero', 'lucia.romero@email.com', 'estudiante', '2022-07-22', '555-0123'),
(19, 'Antonio Navarro', 'antonio.navarro@email.com', 'becario', '2021-03-10', '555-4567'),
(20, 'Silvia Torres', 'silvia.torres@email.com', 'decano', '2018-11-05', '555-8901'),
(21, 'Alberto Domínguez', 'alberto.dominguez@email.com', 'estudiante', '2020-02-18', '555-1234'),
(22, 'Eva Vázquez', 'eva.vazquez@email.com', 'coordinador', '2019-09-30', '555-5678'),
(23, 'Raúl Gil', 'raul.gil@email.com', 'bibliotecario', '2018-07-15', '555-9012'),
(24, 'Patricia Serrano', 'patricia.serrano@email.com', 'estudiante', '2022-04-22', '555-3456'),
(25, 'Fernando Ramos', 'fernando.ramos@email.com', 'asistente', '2020-12-10', '555-7890'),
(26, 'Nuria Molina', 'nuria.molina@email.com', 'profesor', '2021-05-05', '555-2345'),
(27, 'Roberto Ortega', 'roberto.ortega@email.com', 'estudiante', '2022-11-15', '555-6789'),
(28, 'Beatriz Castro', 'beatriz.castro@email.com', 'auditor', '2019-08-20', '555-0123'),
(29, 'Javier Suárez', 'javier.suarez@email.com', 'bibliotecario', '2018-06-12', '555-4567'),
(30, 'Olga Marín', 'olga.marin@email.com', 'estudiante', '2022-02-25', '555-8901'),
(31, 'Ricardo Rubio', 'ricardo.rubio@email.com', 'invitado', '2020-09-18', '555-1234'),
(32, 'Cristina Medina', 'cristina.medina@email.com', 'profesor', '2021-10-30', '555-5678'),
(33, 'Sergio Guerrero', 'sergio.guerrero@email.com', 'visitante', '2022-05-15', '555-9012'),
(34, 'Rosa Vidal', 'rosa.vidal@email.com', 'estudiante', '2023-01-22', '555-3456'),
(35, 'Víctor Campos', 'victor.campos@email.com', 'personal', '2020-03-10', '555-7890'),
(36, 'Alicia León', 'alicia.leon@email.com', 'profesor', '2019-11-05', '555-2345'),
(37, 'Alejandro Calvo', 'alejandro.calvo@email.com', 'estudiante', '2021-02-18', '555-6789'),
(38, 'Marina Peña', 'marina.pena@email.com', 'bibliotecario', '2020-09-30', '555-0123'),
(39, 'Rubén Crespo', 'ruben.crespo@email.com', 'investigador', '2019-07-15', '555-4567'),
(40, 'Ester Cabrera', 'ester.cabrera@email.com', 'estudiante', '2022-03-22', '555-8901'),
(41, 'Héctor Flores', 'hector.flores@email.com', 'egresado', '2018-12-10', '555-1234'),
(42, 'Natalia Méndez', 'natalia.mendez@email.com', 'profesor', '2020-04-05', '555-5678'),
(43, 'Guillermo Iglesias', 'guillermo.iglesias@email.com', 'tesista', '2021-11-15', '555-9012'),
(44, 'Verónica Santana', 'veronica.santana@email.com', 'estudiante', '2022-08-20', '555-3456'),
(45, 'Adrián Lorenzo', 'adrian.lorenzo@email.com', 'becario', '2020-06-12', '555-7890'),
(46, 'Clara Hidalgo', 'clara.hidalgo@email.com', 'decano', '2019-01-25', '555-2345'),
(47, 'Iván Giménez', 'ivan.gimenez@email.com', 'estudiante', '2021-09-18', '555-6789'),
(48, 'Lidia Vargas', 'lidia.vargas@email.com', 'coordinador', '2020-10-30', '555-0123'),
(49, 'Óscar Pardo', 'oscar.pardo@email.com', 'bibliotecario', '2019-05-15', '555-4567'),
(50, 'Sara Rivas', 'sara.rivas@email.com', 'estudiante', '2022-07-22', '555-8901'),
(51, 'Pablo Sáez', 'pablo.saez@email.com', 'asistente', '2021-03-10', '555-1234'),
(52, 'Julia Fuentes', 'julia.fuentes@email.com', 'profesor', '2018-11-05', '555-5678'),
(53, 'Álvaro Carrasco', 'alvaro.carrasco@email.com', 'estudiante', '2020-02-18', '555-9012'),
(54, 'Mónica Vega', 'monica.vega@email.com', 'auditor', '2019-09-30', '555-3456'),
(55, 'Gabriel Montes', 'gabriel.montes@email.com', 'bibliotecario', '2018-07-15', '555-7890'),
(56, 'Paula Arias', 'paula.arias@email.com', 'estudiante', '2022-04-22', '555-2345'),
(57, 'Joaquín Rojas', 'joaquin.rojas@email.com', 'invitado', '2020-12-10', '555-6789'),
(58, 'Rocío Carmona', 'rocio.carmona@email.com', 'profesor', '2021-05-05', '555-0123'),
(59, 'Marcos Franco', 'marcos.franco@email.com', 'visitante', '2022-11-15', '555-4567'),
(60, 'Eva María Reyes', 'evamaria.reyes@email.com', 'estudiante', '2019-08-20', '555-8901'),
(61, 'José Antonio Mora', 'joseantonio.mora@email.com', 'personal', '2018-06-12', '555-1234'),
(62, 'Luisa Pastor', 'luisa.pastor@email.com', 'profesor', '2022-02-25', '555-5678'),
(63, 'Diego Soto', 'diego.soto@email.com', 'estudiante', '2020-09-18', '555-9012'),
(64, 'Carla Herrera', 'carla.herrera@email.com', 'bibliotecario', '2021-10-30', '555-3456'),
(65, 'Samuel Benítez', 'samuel.benitez@email.com', 'investigador', '2022-05-15', '555-7890'),
(66, 'Maribel Palacios', 'maribel.palacios@email.com', 'estudiante', '2023-01-22', '555-2345'),
(67, 'Vicente Godoy', 'vicente.godoy@email.com', 'egresado', '2020-03-10', '555-6789'),
(68, 'Lorena Contreras', 'lorena.contreras@email.com', 'profesor', '2019-11-05', '555-0123'),
(69, 'José Luis Peñalver', 'joseluis.penalver@email.com', 'tesista', '2021-02-18', '555-4567'),
(70, 'Esther Pacheco', 'esther.pacheco@email.com', 'estudiante', '2020-09-30', '555-8901'),
(71, 'Félix Cáceres', 'felix.caceres@email.com', 'becario', '2019-07-15', '555-1234'),
(72, 'Nora Valero', 'nora.valero@email.com', 'decano', '2022-03-22', '555-5678'),
(73, 'Hugo Ferrer', 'hugo.ferrer@email.com', 'estudiante', '2018-12-10', '555-9012'),
(74, 'Miriam Gallardo', 'miriam.gallardo@email.com', 'coordinador', '2020-04-05', '555-3456'),
(75, 'Gonzalo Lozano', 'gonzalo.lozano@email.com', 'bibliotecario', '2021-11-15', '555-7890'),
(76, 'Aurora Delgado', 'aurora.delgado@email.com', 'estudiante', '2022-08-20', '555-2345'),
(77, 'Fermín Caballero', 'fermin.caballero@email.com', 'asistente', '2020-06-12', '555-6789'),
(78, 'Lola Ríos', 'lola.rios@email.com', 'profesor', '2019-01-25', '555-0123'),
(79, 'Teodoro Acosta', 'teodoro.acosta@email.com', 'estudiante', '2021-09-18', '555-4567'),
(80, 'Esperanza Marrero', 'esperanza.marrero@email.com', 'auditor', '2020-10-30', '555-8901'),
(81, 'Jacinto Galán', 'jacinto.galan@email.com', 'bibliotecario', '2019-05-15', '555-1234'),
(82, 'Celia Quiñones', 'celia.quinones@email.com', 'estudiante', '2022-07-22', '555-5678'),
(83, 'Agustín Pons', 'agustin.pons@email.com', 'invitado', '2021-03-10', '555-9012'),
(84, 'Rosario Ferrero', 'rosario.ferrero@email.com', 'profesor', '2018-11-05', '555-3456'),
(85, 'Bernardo Roldán', 'bernardo.roldan@email.com', 'visitante', '2020-02-18', '555-7890'),
(86, 'Elisa Castellanos', 'elisa.castellanos@email.com', 'estudiante', '2019-09-30', '555-2345'),
(87, 'Aníbal Espinosa', 'anibal.espinosa@email.com', 'personal', '2018-07-15', '555-6789'),
(88, 'Julia María Montesinos', 'juliamaria.montesinos@email.com', 'profesor', '2022-04-22', '555-0123'),
(89, 'Felipe Robles', 'felipe.robles@email.com', 'estudiante', '2020-12-10', '555-4567'),
(90, 'Marina Joséfa Cuesta', 'marinajosefa.cuesta@email.com', 'bibliotecario', '2021-05-05', '555-8901'),
(91, 'José Ramón Alarcón', 'joseramon.alarcon@email.com', 'investigador', '2022-11-15', '555-1234'),
(92, 'Asunción Barrios', 'asuncion.barrios@email.com', 'estudiante', '2019-08-20', '555-5678'),
(93, 'Víctor Manuel Cuenca', 'victormanuel.cuenca@email.com', 'egresado', '2018-06-12', '555-9012'),
(94, 'Purificación Valverde', 'purificacion.valverde@email.com', 'profesor', '2022-02-25', '555-3456'),
(95, 'José María Téllez', 'josemaria.tellez@email.com', 'tesista', '2020-09-18', '555-7890'),
(96, 'Rosa María Segovia', 'rosamaria.segovia@email.com', 'estudiante', '2021-10-30', '555-2345'),
(97, 'Francisco Javier Baena', 'franciscojavier.baena@email.com', 'becario', '2022-05-15', '555-6789'),
(98, 'María José Palomo', 'mariajose.palomo@email.com', 'decano', '2023-01-22', '555-0123'),
(99, 'Juan Carlos Corral', 'juancarlos.corral@email.com', 'estudiante', '2020-03-10', '555-4567'),
(100, 'María Ángeles Morán', 'mariaangeles.moran@email.com', 'coordinador', '2019-11-05', '555-8901'),
(101, 'José Manuel Aranda', 'josemanuel.aranda@email.com', 'bibliotecario', '2021-02-18', '555-1234'),
(102, 'Ana María Villalba', 'anamaria.villalba@email.com', 'estudiante', '2020-09-30', '555-5678'),
(103, 'Luis Miguel Mesa', 'luismiguel.mesa@email.com', 'asistente', '2019-07-15', '555-9012'),
(104, 'María Luisa Peralta', 'marialuisa.peralta@email.com', 'profesor', '2022-03-22', '555-3456'),
(105, 'Juan Antonio Rueda', 'juanantonio.rueda@email.com', 'estudiante', '2018-12-10', '555-7890'),
(106, 'María Isabel Bueno', 'mariaisabel.bueno@email.com', 'auditor', '2020-04-05', '555-2345'),
(107, 'Manuel Jesús Espejo', 'manueljesus.espejo@email.com', 'bibliotecario', '2021-11-15', '555-6789'),
(108, 'María Teresa Cordero', 'mariateresa.cordero@email.com', 'estudiante', '2022-08-20', '555-0123'),
(109, 'Antonio José Galván', 'antoniojose.galvan@email.com', 'invitado', '2020-06-12', '555-4567'),
(110, 'María Carmen Arjona', 'mariacarmen.arjona@email.com', 'profesor', '2019-01-25', '555-8901'),
(111, 'José Ángel Collado', 'joseangel.collado@email.com', 'visitante', '2021-09-18', '555-1234'),
(112, 'María Pilar Quesada', 'mariapilar.quesada@email.com', 'estudiante', '2020-10-30', '555-5678'),
(113, 'Francisco José Cobo', 'franciscojose.cobo@email.com', 'personal', '2019-05-15', '555-9012'),
(114, 'María Dolores Alcalá', 'mariadolores.alcala@email.com', 'profesor', '2022-07-22', '555-3456'),
(115, 'José Luis Miguel Piñar', 'joseluismiguel.pinar@email.com', 'estudiante', '2021-03-10', '555-7890'),
(116, 'María Mercedes Ropero', 'mariamercedes.ropero@email.com', 'bibliotecario', '2018-11-05', '555-2345'),
(117, 'Miguel Ángel Pozo', 'miguelangel.pozo@email.com', 'investigador', '2020-02-18', '555-6789'),
(118, 'María Rosario Alcaraz', 'mariarosario.alcaraz@email.com', 'estudiante', '2019-09-30', '555-0123'),
(119, 'José Francisco Cepeda', 'josefrancisco.cepeda@email.com', 'egresado', '2018-07-15', '555-4567'),
(120, 'María Concepción Barroso', 'mariaconcepcion.barroso@email.com', 'profesor', '2022-04-22', '555-8901'),
(121, 'José Antonio Jesús Mateo', 'joseantoniojesus.mateo@email.com', 'tesista', '2020-12-10', '555-1234'),
(122, 'María Josefa Carballo', 'mariajosefa.carballo@email.com', 'estudiante', '2021-05-05', '555-5678'),
(123, 'Luis Ángel Cobos', 'luisangel.cobos@email.com', 'becario', '2022-11-15', '555-9012'),
(124, 'María Victoria Chacón', 'mariavictoria.chacon@email.com', 'decano', '2019-08-20', '555-3456'),
(125, 'José Ignacio Revilla', 'joseignacio.revilla@email.com', 'estudiante', '2018-06-12', '555-7890'),
(126, 'María Aurora Cárceles', 'mariaaurora.carceles@email.com', 'coordinador', '2022-02-25', '555-2345'),
(127, 'José Rafael Blázquez', 'joserafael.blazquez@email.com', 'bibliotecario', '2020-09-18', '555-6789'),
(128, 'María Soledad Correa', 'mariasoledad.correa@email.com', 'estudiante', '2021-10-30', '555-0123'),
(129, 'Juan José Domingo', 'juanjose.domingo@email.com', 'asistente', '2022-05-15', '555-4567'),
(130, 'María Paz Frías', 'mariapaz.frias@email.com', 'profesor', '2023-01-22', '555-8901'),
(131, 'José María Ángel', 'josemaria.angel@email.com', 'estudiante', '2020-03-10', '555-1234'),
(132, 'María Ángeles Rosa', 'mariaangeles.rosa@email.com', 'auditor', '2019-11-05', '555-5678'),
(133, 'Luis Miguel Santos', 'luismiguel.santos@email.com', 'bibliotecario', '2021-02-18', '555-9012'),
(134, 'María Luisa Pilar', 'marialuisa.pilar@email.com', 'estudiante', '2020-09-30', '555-3456'),
(135, 'Juan Carlos Miguel', 'juancarlos.miguel@email.com', 'invitado', '2019-07-15', '555-7890'),
(136, 'María Isabel Carmen', 'mariaisabel.carmen@email.com', 'profesor', '2022-03-22', '555-2345'),
(137, 'José Luis Antonio', 'joseluis.antonio@email.com', 'visitante', '2018-12-10', '555-6789'),
(138, 'María Teresa Josefa', 'mariateresa.josefa@email.com', 'estudiante', '2020-04-05', '555-0123'),
(139, 'Francisco Javier María', 'franciscojavier.maria@email.com', 'personal', '2021-11-15', '555-4567'),
(140, 'María Carmen Dolores', 'mariacarmen.dolores@email.com', 'profesor', '2022-08-20', '555-8901'),
(141, 'José Antonio Francisco', 'joseantonio.francisco@email.com', 'estudiante', '2020-06-12', '555-1234'),
(142, 'María Pilar Ángeles', 'mariapilar.angeles@email.com', 'bibliotecario', '2019-01-25', '555-5678'),
(143, 'Luis Miguel José', 'luismiguel.jose@email.com', 'investigador', '2021-09-18', '555-9012'),
(144, 'María Rosario Carmen', 'mariarosario.carmen@email.com', 'estudiante', '2020-10-30', '555-3456'),
(145, 'José Francisco Javier', 'josefrancisco.javier@email.com', 'egresado', '2019-05-15', '555-7890'),
(146, 'María Concepción Pilar', 'mariaconcepcion.pilar@email.com', 'profesor', '2022-07-22', '555-2345'),
(147, 'José Antonio Luis', 'joseantonio.luis@email.com', 'tesista', '2021-03-10', '555-6789'),
(148, 'María Josefa Teresa', 'mariajosefa.teresa@email.com', 'estudiante', '2018-11-05', '555-0123'),
(149, 'Luis Ángel Miguel', 'luisangel.miguel@email.com', 'becario', '2020-02-18', '555-4567'),
(150, 'María Victoria Ángeles', 'mariavictoria.angeles@email.com', 'decano', '2019-09-30', '555-8901');

-- Usuario_Roles (300 records)
INSERT INTO Usuario_Roles (usuario_id, rol_id) VALUES
(1, 1), (1, 10), (2, 2), (2, 12), (3, 3), (3, 4),
(4, 4), (5, 1), (6, 2), (7, 3), (8, 1), (9, 6),
(10, 7), (11, 1), (12, 2), (13, 3), (14, 1), (15, 8),
(16, 2), (17, 10), (18, 1), (19, 11), (20, 12), (21, 1),
(22, 13), (23, 3), (24, 1), (25, 14), (26, 2), (27, 1),
(28, 15), (29, 3), (30, 1), (31, 5), (32, 2), (33, 9),
(34, 1), (35, 7), (36, 2), (37, 1), (38, 3), (39, 6),
(40, 1), (41, 8), (42, 2), (43, 10), (44, 1), (45, 11),
(46, 12), (47, 1), (48, 13), (49, 3), (50, 1), (51, 14),
(52, 2), (53, 1), (54, 15), (55, 3), (56, 1), (57, 5),
(58, 2), (59, 9), (60, 1), (61, 7), (62, 2), (63, 1),
(64, 3), (65, 6), (66, 1), (67, 8), (68, 2), (69, 10),
(70, 1), (71, 11), (72, 12), (73, 1), (74, 13), (75, 3),
(76, 1), (77, 14), (78, 2), (79, 1), (80, 15), (81, 3),
(82, 1), (83, 5), (84, 2), (85, 9), (86, 1), (87, 7),
(88, 2), (89, 1), (90, 3), (91, 6), (92, 1), (93, 8),
(94, 2), (95, 10), (96, 1), (97, 11), (98, 12), (99, 1),
(100, 13), (101, 3), (102, 1), (103, 14), (104, 2), (105, 1),
(106, 15), (107, 3), (108, 1), (109, 5), (110, 2), (111, 9),
(112, 1), (113, 7), (114, 2), (115, 1), (116, 3), (117, 6),
(118, 1), (119, 8), (120, 2), (121, 10), (122, 1), (123, 11),
(124, 12), (125, 1), (126, 13), (127, 3), (128, 1), (129, 14),
(130, 2), (131, 1), (132, 15), (133, 3), (134, 1), (135, 5),
(136, 2), (137, 9), (138, 1), (139, 7), (140, 2), (141, 1),
(142, 3), (143, 6), (144, 1), (145, 8), (146, 2), (147, 10),
(148, 1), (149, 11), (150, 12),
-- Additional role assignments for some users
(1, 5), (5, 10), (10, 1), (15, 2), (20, 3), (25, 4),
(30, 5), (35, 6), (40, 7), (45, 8), (50, 9), (55, 10),
(60, 11), (65, 12), (70, 13), (75, 14), (80, 15), (85, 1),
(90, 2), (95, 3), (100, 4), (105, 5), (110, 6), (115, 7),
(120, 8), (125, 9), (130, 10), (135, 11), (140, 12), (145, 13),
(150, 14), (2, 1), (7, 2), (12, 3), (17, 4), (22, 5), (27, 6),
(32, 7), (37, 8), (42, 9), (47, 10), (52, 11), (57, 12),
(62, 13), (67, 14), (72, 15), (77, 1), (82, 2), (87, 3),
(92, 4), (97, 5), (102, 6), (107, 7), (112, 8), (117, 9),
(122, 10), (127, 11), (132, 12), (137, 13), (142, 14), (147, 15),
(3, 5), (8, 10), (13, 1), (18, 2), (23, 3), (28, 4),
(33, 5), (38, 6), (43, 7), (48, 8), (53, 9), (58, 10),
(63, 11), (68, 12), (73, 13), (78, 14), (83, 15), (88, 1),
(93, 2), (98, 3), (103, 4), (108, 5), (113, 6), (118, 7),
(123, 8), (128, 9), (133, 10), (138, 11), (143, 12), (148, 13),
(4, 1), (9, 2), (14, 3), (19, 4), (24, 5), (29, 6),
(34, 7), (39, 8), (44, 9), (49, 10), (54, 11), (59, 12),
(64, 13), (69, 14), (74, 15), (79, 1), (84, 2), (89, 3),
(94, 4), (99, 5), (104, 6), (109, 7), (114, 8), (119, 9),
(124, 10), (129, 11), (134, 12), (139, 13), (144, 14), (149, 15);

-- Autores (100 records)
INSERT INTO Autores (id, nombre, biografia) VALUES
(1, 'Gabriel García Márquez', 'Escritor colombiano, premio Nobel de Literatura 1982'),
(2, 'Mario Vargas Llosa', 'Escritor peruano, premio Nobel de Literatura 2010'),
(3, 'Julio Cortázar', 'Escritor argentino, destacado en el boom latinoamericano'),
(4, 'Jorge Luis Borges', 'Escritor argentino, maestro del cuento y ensayo'),
(5, 'Pablo Neruda', 'Poeta chileno, premio Nobel de Literatura 1971'),
(6, 'Octavio Paz', 'Poeta y ensayista mexicano, premio Nobel de Literatura 1990'),
(7, 'Isabel Allende', 'Escritora chilena, destacada en literatura latinoamericana'),
(8, 'Carlos Fuentes', 'Escritor mexicano, figura del boom latinoamericano'),
(9, 'Ernest Hemingway', 'Escritor estadounidense, premio Nobel de Literatura 1954'),
(10, 'William Faulkner', 'Escritor estadounidense, premio Nobel de Literatura 1949'),
(11, 'F. Scott Fitzgerald', 'Novelista estadounidense, autor de "El Gran Gatsby"'),
(12, 'Jane Austen', 'Novelista británica, maestra de la comedia romántica'),
(13, 'Charles Dickens', 'Novelista británico, autor de obras clásicas'),
(14, 'Leo Tolstoy', 'Escritor ruso, autor de "Guerra y Paz"'),
(15, 'Fyodor Dostoevsky', 'Escritor ruso, autor de "Crimen y Castigo"'),
(16, 'Virginia Woolf', 'Escritora británica, figura del modernismo literario'),
(17, 'James Joyce', 'Escritor irlandés, autor de "Ulises"'),
(18, 'Franz Kafka', 'Escritor checo en lengua alemana, autor de "La Metamorfosis"'),
(19, 'George Orwell', 'Escritor británico, autor de "1984"'),
(20, 'Aldous Huxley', 'Escritor británico, autor de "Un Mundo Feliz"'),
(21, 'J.R.R. Tolkien', 'Escritor británico, autor de "El Señor de los Anillos"'),
(22, 'C.S. Lewis', 'Escritor británico, autor de "Las Crónicas de Narnia"'),
(23, 'Agatha Christie', 'Escritora británica, reina del misterio'),
(24, 'Arthur Conan Doyle', 'Escritor británico, creador de Sherlock Holmes'),
(25, 'Stephen King', 'Escritor estadounidense, maestro del terror'),
(26, 'J.D. Salinger', 'Escritor estadounidense, autor de "El Guardián entre el Centeno"'),
(27, 'Harper Lee', 'Escritora estadounidense, autora de "Matar a un Ruiseñor"'),
(28, 'Mark Twain', 'Escritor estadounidense, autor de "Las Aventuras de Tom Sawyer"'),
(29, 'Edgar Allan Poe', 'Escritor estadounidense, maestro del relato corto'),
(30, 'H.P. Lovecraft', 'Escritor estadounidense, creador del horror cósmico'),
(31, 'Ray Bradbury', 'Escritor estadounidense, autor de "Fahrenheit 451"'),
(32, 'Isaac Asimov', 'Escritor ruso-estadounidense, maestro de la ciencia ficción'),
(33, 'Philip K. Dick', 'Escritor estadounidense, autor de ciencia ficción'),
(34, 'Ursula K. Le Guin', 'Escritora estadounidense, autora de ciencia ficción y fantasía'),
(35, 'Margaret Atwood', 'Escritora canadiense, autora de "El Cuento de la Criada"'),
(36, 'Toni Morrison', 'Escritora estadounidense, premio Nobel de Literatura 1993'),
(37, 'Chinua Achebe', 'Escritor nigeriano, autor de "Todo se Desmorona"'),
(38, 'Haruki Murakami', 'Escritor japonés, autor de "Kafka en la Orilla"'),
(39, 'Orhan Pamuk', 'Escritor turco, premio Nobel de Literatura 2006'),
(40, 'Jorge Amado', 'Escritor brasileño, autor de "Doña Flor y sus Dos Maridos"'),
(41, 'Paulo Coelho', 'Escritor brasileño, autor de "El Alquimista"'),
(42, 'Roberto Bolaño', 'Escritor chileno, autor de "Los Detectives Salvajes"'),
(43, 'Juan Rulfo', 'Escritor mexicano, autor de "Pedro Páramo"'),
(44, 'Rosario Castellanos', 'Escritora mexicana, figura de la literatura feminista'),
(45, 'Sor Juana Inés de la Cruz', 'Poeta y escritora novohispana, figura del Siglo de Oro'),
(46, 'Miguel de Cervantes', 'Escritor español, autor de "Don Quijote de la Mancha"'),
(47, 'Federico García Lorca', 'Poeta y dramaturgo español, figura de la Generación del 27'),
(48, 'Camilo José Cela', 'Escritor español, premio Nobel de Literatura 1989'),
(49, 'Arturo Pérez-Reverte', 'Escritor español, autor de "El Club Dumas"'),
(50, 'Eduardo Mendoza', 'Escritor español, autor de "La Ciudad de los Prodigios"'),
(51, 'Umberto Eco', 'Escritor italiano, autor de "El Nombre de la Rosa"'),
(52, 'Italo Calvino', 'Escritor italiano, autor de "Las Ciudades Invisibles"'),
(53, 'Albert Camus', 'Escritor francés, premio Nobel de Literatura 1957'),
(54, 'Jean-Paul Sartre', 'Filósofo y escritor francés, premio Nobel de Literatura 1964'),
(55, 'Victor Hugo', 'Escritor francés, autor de "Los Miserables"'),
(56, 'Gustave Flaubert', 'Escritor francés, autor de "Madame Bovary"'),
(57, 'Marcel Proust', 'Escritor francés, autor de "En Busca del Tiempo Perdido"'),
(58, 'Patrick Modiano', 'Escritor francés, premio Nobel de Literatura 2014'),
(59, 'Antoine de Saint-Exupéry', 'Escritor francés, autor de "El Principito"'),
(60, 'Hermann Hesse', 'Escritor alemán, premio Nobel de Literatura 1946'),
(61, 'Thomas Mann', 'Escritor alemán, premio Nobel de Literatura 1929'),
(62, 'Günter Grass', 'Escritor alemán, premio Nobel de Literatura 1999'),
(63, 'Franz Werfel', 'Escritor austríaco, autor de "La Canción de Bernadette"'),
(64, 'Stefan Zweig', 'Escritor austríaco, autor de "Novela de Ajedrez"'),
(65, 'Elfriede Jelinek', 'Escritora austríaca, premio Nobel de Literatura 2004'),
(66, 'Knut Hamsun', 'Escritor noruego, premio Nobel de Literatura 1920'),
(67, 'Henrik Ibsen', 'Dramaturgo noruego, padre del drama moderno'),
(68, 'August Strindberg', 'Dramaturgo sueco, figura del teatro moderno'),
(69, 'Selma Lagerlöf', 'Escritora sueca, premio Nobel de Literatura 1909'),
(70, 'Tomas Tranströmer', 'Poeta sueco, premio Nobel de Literatura 2011'),
(71, 'Svetlana Alexievich', 'Escritora bielorrusa, premio Nobel de Literatura 2015'),
(72, 'Milan Kundera', 'Escritor checo-francés, autor de "La Insoportable Levedad del Ser"'),
(73, 'Bohumil Hrabal', 'Escritor checo, autor de "Trenes Rigurosamente Vigilados"'),
(74, 'Wisława Szymborska', 'Poeta polaca, premio Nobel de Literatura 1996'),
(75, 'Czesław Miłosz', 'Poeta polaco, premio Nobel de Literatura 1980'),
(76, 'José Saramago', 'Escritor portugués, premio Nobel de Literatura 1998'),
(77, 'Fernando Pessoa', 'Poeta portugués, figura del modernismo'),
(78, 'Nikos Kazantzakis', 'Escritor griego, autor de "Zorba el Griego"'),
(79, 'Yasunari Kawabata', 'Escritor japonés, premio Nobel de Literatura 1968'),
(80, 'Kenzaburō Ōe', 'Escritor japonés, premio Nobel de Literatura 1994'),
(81, 'Rabindranath Tagore', 'Escritor indio, premio Nobel de Literatura 1913'),
(82, 'Arundhati Roy', 'Escritora india, autora de "El Dios de las Pequeñas Cosas"'),
(83, 'Chimamanda Ngozi Adichie', 'Escritora nigeriana, autora de "Americanah"'),
(84, 'Naguib Mahfouz', 'Escritor egipcio, premio Nobel de Literatura 1988'),
(85, 'Orhan Veli Kanık', 'Poeta turco, figura de la poesía moderna turca'),
(86, 'Nâzım Hikmet', 'Poeta turco, figura de la literatura turca del siglo XX'),
(87, 'José Martí', 'Escritor y héroe cubano, figura del modernismo'),
(88, 'Rubén Darío', 'Poeta nicaragüense, padre del modernismo'),
(89, 'Pablo de Rokha', 'Poeta chileno, figura de la vanguardia'),
(90, 'César Vallejo', 'Poeta peruano, figura de la poesía vanguardista'),
(91, 'Alfonsina Storni', 'Poeta argentina, figura del posmodernismo'),
(92, 'Juana de Ibarbourou', 'Poeta uruguaya, figura de la poesía femenina'),
(93, 'Clarice Lispector', 'Escritora brasileña, figura de la literatura brasileña'),
(94, 'Machado de Assis', 'Escritor brasileño, figura del realismo'),
(95, 'Ricardo Palma', 'Escritor peruano, creador de las tradiciones peruanas'),
(96, 'Horacio Quiroga', 'Escritor uruguayo, maestro del cuento'),
(97, 'Juan Carlos Onetti', 'Escritor uruguayo, figura del boom latinoamericano'),
(98, 'Adolfo Bioy Casares', 'Escritor argentino, autor de "La Invención de Morel"'),
(99, 'Manuel Puig', 'Escritor argentino, autor de "El Beso de la Mujer Araña"'),
(100, 'J.K. Rowling', 'Escritora británica, creadora de Harry Potter');

-- Categorías (50 records)
INSERT INTO Categorías (id, nombre, descripcion) VALUES
(1, 'Literatura', 'Obras literarias de ficción y no ficción'),
(2, 'Ciencia', 'Libros sobre ciencias naturales y exactas'),
(3, 'Historia', 'Obras sobre eventos y períodos históricos'),
(4, 'Filosofía', 'Textos filosóficos y de pensamiento'),
(5, 'Arte', 'Libros sobre arte, artistas y movimientos artísticos'),
(6, 'Música', 'Obras sobre teoría musical, historia y biografías'),
(7, 'Teatro', 'Obras teatrales y estudios sobre teatro'),
(8, 'Poesía', 'Colecciones poéticas y estudios sobre poesía'),
(9, 'Novela', 'Obras de narrativa extensa'),
(10, 'Cuento', 'Colecciones de relatos cortos'),
(11, 'Ensayo', 'Obras de no ficción analítica'),
(12, 'Biografía', 'Relatos de vidas de personajes destacados'),
(13, 'Autobiografía', 'Relatos de la propia vida escritos por el protagonista'),
(14, 'Memorias', 'Recuerdos y experiencias personales'),
(15, 'Periodismo', 'Obras de investigación y reportajes periodísticos'),
(16, 'Política', 'Libros sobre teoría y práctica política'),
(17, 'Economía', 'Obras sobre teoría económica y finanzas'),
(18, 'Derecho', 'Textos jurídicos y de teoría del derecho'),
(19, 'Medicina', 'Libros de medicina y salud'),
(20, 'Psicología', 'Obras sobre teoría y práctica psicológica'),
(21, 'Sociología', 'Estudios sobre sociedad y relaciones humanas'),
(22, 'Antropología', 'Estudios sobre culturas y evolución humana'),
(23, 'Arqueología', 'Estudios sobre culturas antiguas a través de restos materiales'),
(24, 'Lingüística', 'Estudios sobre lenguaje y lenguas'),
(25, 'Educación', 'Obras sobre teoría y práctica educativa'),
(26, 'Pedagogía', 'Estudios sobre métodos de enseñanza'),
(27, 'Religión', 'Textos religiosos y estudios sobre religión'),
(28, 'Mitología', 'Estudios sobre mitos y leyendas'),
(29, 'Astronomía', 'Obras sobre el estudio del universo'),
(30, 'Física', 'Libros de teoría y experimentos físicos'),
(31, 'Química', 'Obras sobre teoría y experimentos químicos'),
(32, 'Biología', 'Estudios sobre seres vivos y vida'),
(33, 'Geología', 'Estudios sobre la Tierra y su composición'),
(34, 'Matemáticas', 'Obras sobre teoría y problemas matemáticos'),
(35, 'Informática', 'Libros sobre computación y tecnología'),
(36, 'Ingeniería', 'Obras sobre aplicaciones técnicas y científicas'),
(37, 'Arquitectura', 'Libros sobre diseño y construcción de edificios'),
(38, 'Diseño', 'Obras sobre teoría y práctica del diseño'),
(39, 'Moda', 'Libros sobre historia y teoría de la moda'),
(40, 'Cine', 'Obras sobre teoría e historia del cine'),
(41, 'Fotografía', 'Libros sobre técnica y arte fotográfico'),
(42, 'Cocina', 'Libros de recetas y técnicas culinarias'),
(43, 'Deportes', 'Obras sobre teoría y práctica deportiva'),
(44, 'Viajes', 'Guías y relatos de viajes'),
(45, 'Geografía', 'Estudios sobre la Tierra y sus características'),
(46, 'Ecología', 'Estudios sobre medio ambiente y conservación'),
(47, 'Negocios', 'Obras sobre administración y emprendimiento'),
(48, 'Marketing', 'Libros sobre estrategias de mercado'),
(49, 'Autoayuda', 'Libros de desarrollo personal'),
(50, 'Infantil', 'Libros dirigidos a niños');

-- Editoriales (50 records)
INSERT INTO Editoriales (id, nombre, direccion, telefono) VALUES
(1, 'Alfaguara', 'Calle Falsa 123, Madrid, España', '+34 91 123 4567'),
(2, 'Planeta', 'Avenida Siempreviva 742, Barcelona, España', '+34 93 987 6543'),
(3, 'Anagrama', 'Calle del Péndulo 45, Barcelona, España', '+34 93 456 7890'),
(4, 'Tusquets', 'Paseo de la Reforma 100, México D.F.', '+52 55 1234 5678'),
(5, 'Seix Barral', 'Diagonal 600, Barcelona, España', '+34 93 321 6547'),
(6, 'Debolsillo', 'Calle del Libro 33, Madrid, España', '+34 91 987 6543'),
(7, 'Cátedra', 'Gran Vía 28, Madrid, España', '+34 91 456 1234'),
(8, 'Austral', 'Paseo de Gracia 50, Barcelona, España', '+34 93 789 4561'),
(9, 'Alianza Editorial', 'Calle de la Imprenta 10, Madrid, España', '+34 91 654 3210'),
(10, 'Siruela', 'Calle del Cuento 5, Madrid, España', '+34 91 321 6547'),
(11, 'Acantilado', 'Paseo Marítimo 20, Barcelona, España', '+34 93 654 9870'),
(12, 'Edhasa', 'Avenida del Puerto 15, Barcelona, España', '+34 93 123 7890'),
(13, 'Gredos', 'Calle de la Filología 8, Madrid, España', '+34 91 789 1234'),
(14, 'Crítica', 'Paseo de la Castellana 200, Madrid, España', '+34 91 456 7890'),
(15, 'Ariel', 'Diagonal 400, Barcelona, España', '+34 93 321 9876'),
(16, 'Paidós', 'Calle del Conocimiento 12, Barcelona, España', '+34 93 654 3210'),
(17, 'Taurus', 'Paseo de Recoletos 10, Madrid, España', '+34 91 987 1234'),
(18, 'Santillana', 'Avenida de los Artesanos 30, Madrid, España', '+34 91 321 4567'),
(19, 'SM', 'Calle del Educación 5, Madrid, España', '+34 91 654 9870'),
(20, 'Edebé', 'Paseo de la Escuela 15, Barcelona, España', '+34 93 789 3210'),
(21, 'Destino', 'Avenida del Libro 20, Barcelona, España', '+34 93 123 6547'),
(22, 'Lumen', 'Calle de la Luz 8, Barcelona, España', '+34 93 456 9870'),
(23, 'Random House', 'Avenida de los Editores 50, Madrid, España', '+34 91 789 6543'),
(24, 'Penguin', 'Calle del Pájaro 12, Madrid, España', '+34 91 321 7890'),
(25, 'Salamandra', 'Paseo Literario 7, Barcelona, España', '+34 93 654 1234'),
(26, 'Minotauro', 'Calle de la Fantasía 9, Barcelona, España', '+34 93 987 3210'),
(27, 'Norma', 'Avenida del Cómic 15, Barcelona, España', '+